(+1) charge,,order,file,ave_TM_CS,HF_energy,EXP,% ERROR,Rel_E (kcal/mol),,,,Mol Fraction,,,,<CCS>,%ERROR
N2 gas,0,18,conf-18,458.2871,-4648.938964,374.8,18.22,0.00,0.00,1.00,1.00,1.00,458.29,458.29,458.29,458.29,18.22
,1,204,conf-204,481.7885,-4648.920351,,22.21,11.68,19.74,0.00,,0.00,0.00,0.00,,,
,2,535,conf-535,491.5632,-4648.893633,,23.75,28.45,48.06,0.00,,0.00,0.00,0.00,,,
