(+1) charge,,order,file,ave_TM_CS,HF_energy,EXP,% ERROR,Rel_E (kcal/mol),,,,Mol Fraction,,,,<CCS>,%ERROR
N2 gas,0,18,conf-18,462.4281,-4648.769252,374.8,18.95,0.00,0.00,1.00,1.00,1.00,462.43,462.43,462.43,462.43,18.95
,1,204,conf-204,486.3544,-4648.74826,,22.94,13.17,22.26,0.00,,0.00,0.00,0.00,,,
,2,535,conf-535,503.6371,-4648.721338,,25.58,30.07,50.80,0.00,,0.00,0.00,0.00,,,
