(+1) charge,,order,file,ave_TM_CS,HF_energy,EXP,% ERROR,Rel_E (kcal/mol),,,,Mol Fraction,,,,<CCS>,%ERROR
N2 gas,0,60,conf-60,418.7364,-3503.387245,343.4,17.99,21.74,36.74,0.00,1.00,0.00,0.00,0.00,386.24,386.23,11.09
,1,112,conf-112,427.5001,-3503.401625,,19.67,12.72,21.49,0.00,,0.00,0.00,0.00,,,
,2,123,conf-123,377.4645,-3503.411707,,9.02,6.39,10.80,0.00,,0.00,0.01,0.01,,,
,3,242,conf-242,422.8442,-3503.408919,,18.79,8.14,13.76,0.00,,0.00,0.00,0.00,,,
,4,256,conf-256,386.2277,-3503.421895,,11.09,0.00,0.00,1.00,,1.00,386.23,386.22,,,
,5,291,conf-291,428.4483,-3502.470335,,19.85,597.10,1008.91,0.00,,0.00,0.00,0.00,,,
,6,333,conf-333,408.0164,-3503.383031,,15.84,24.39,41.21,0.00,,0.00,0.00,0.00,,,
,7,474,conf-474,426.6745,-3503.352028,,19.52,43.84,74.08,0.00,,0.00,0.00,0.00,,,
,8,731,conf-731,451.3433,-3503.22258,,23.92,125.07,211.33,0.00,,0.00,0.00,0.00,,,
