(+1) charge,,order,file,ave_TM_CS,HF_energy,EXP,% ERROR,Rel_E (kcal/mol),,,,Mol Fraction,,,,<CCS>,%ERROR
N2 gas,0,18,conf-18,545.2468,-4648.464285,374.8,31.26,49.69,83.97,0.00,1.00,0.00,0.00,0.00,482.80,482.80,22.37
,1,204,conf-204,482.7972,-4648.54348,,22.37,0.00,0.00,1.00,,1.00,482.80,482.80,,,
,2,535,conf-535,512.9476,-4648.527889,,26.93,9.78,16.53,0.00,,0.00,0.00,0.00,,,
