(+1) charge,,order,file,ave_TM_CS,HF_energy,EXP,% ERROR,Rel_E (kcal/mol),,,,Mol Fraction,,,,<CCS>,%ERROR
N2 gas,0,60,conf-60,408.1179,-3503.592794,343.4,15.86,42.07,71.08,0.00,1.00,0.00,0.00,0.00,377.34,377.34,9.00
,1,112,conf-112,376.4819,-3503.599983,,8.79,37.56,63.46,0.00,,0.00,0.00,0.00,,,
,2,123,conf-123,348.3165,-3503.641741,,1.41,11.35,19.19,0.00,,0.00,0.00,0.00,,,
,3,242,conf-242,425.7475,-3503.601301,,19.34,36.73,62.06,0.00,,0.00,0.00,0.00,,,
,4,252,conf-252,438.6971,-3503.399413,,21.72,163.42,276.12,0.00,,0.00,0.00,0.00,,,
,5,256,conf-256,383.4086,-3503.644112,,10.43,9.87,16.67,0.00,,0.00,0.00,0.00,,,
,6,291,conf-291,377.343,-3503.659836,,9.00,0.00,0.00,1.00,,1.00,377.34,377.34,,,
,7,474,conf-474,399.1655,-3503.598378,,13.97,38.56,65.16,0.00,,0.00,0.00,0.00,,,
,8,731,conf-731,446.7588,-3503.409125,,23.14,157.32,265.82,0.00,,0.00,0.00,0.00,,,
