(+1) charge,,order,file,ave_TM_CS,HF_energy,EXP,% ERROR,Rel_E (kcal/mol),,,,Mol Fraction,,,,<CCS>,%ERROR
N2 gas,0,34,conf-34,319.0528,-2933.910033,317.177,0.59,6.28,10.61,0.00,1.00,0.00,0.01,0.01,302.32,302.31,4.92
,1,102,conf-102,398.1055,-2933.666295,,20.33,159.22,269.04,0.00,,0.00,0.00,0.00,,,
,2,156,conf-156,335.6806,-2933.877137,,5.51,26.92,45.49,0.00,,0.00,0.00,0.00,,,
,3,197,conf-197,302.3141,-2933.920039,,4.92,0.00,0.00,1.00,,1.00,302.31,302.31,,,
,4,242,conf-242,376.9928,-2933.790154,,15.87,81.50,137.71,0.00,,0.00,0.00,0.00,,,
,5,404,conf-404,360.9244,-2933.79747,,12.12,76.91,129.96,0.00,,0.00,0.00,0.00,,,
,6,535,conf-535,344.7932,-2933.893949,,8.01,16.37,27.66,0.00,,0.00,0.00,0.00,,,
,7,879,conf-879,360.6351,-2933.860583,,12.05,37.31,63.04,0.00,,0.00,0.00,0.00,,,
